การตรวจ,จำนวนแถว,รายละเอียด,สถานะ
ค่าว่าง (ทุกคอลัมน์รวมกัน),0,,✅ ผ่าน
แถวซ้ำทุกคอลัมน์,0,,✅ ผ่าน
customer_id ซ้ำ,0,,✅ ผ่าน
customer_id ผิดรูปแบบ (ไม่ใช่ C + ตัวเลข 5 หลัก),0,,✅ ผ่าน
gender ไม่อยู่ในรายการมาตรฐาน,0,,✅ ผ่าน
age_group ไม่อยู่ในรายการมาตรฐาน,0,,✅ ผ่าน
home_branch_id ไม่อยู่ในรายการมาตรฐาน,0,,✅ ผ่าน
joined_date ไม่ใช่รูปแบบ YYYY-MM-DD,0,,✅ ผ่าน
joined_date แปลงเป็นวันที่ไม่ได้,0,,✅ ผ่าน
joined_date เป็นปี พ.ศ.,0,,✅ ผ่าน
joined_date อยู่นอกช่วงข้อมูล,0,ช่วงข้อมูล 2025-04-01 ถึง 2026-09-20,✅ ผ่าน
สมัครก่อนสาขาประจำเปิด,0,เช่น สมัครที่อารีย์ก่อน 1 พ.ย. 68,✅ ผ่าน
phone ไม่ใช่รูปแบบ 0XX-xxx-XXXX,0,,✅ ผ่าน
phone ที่ปิดบังแล้วซ้ำกัน,99,49 เบอร์ ใช้ร่วมกัน,⚠️ พบ
ชื่อเล่นไม่สอดคล้องกับเพศ,707,เช่น 'สมชาย' ระบุเป็นหญิง,⚠️ พบ
ลูกค้าอายุต่ำกว่า 18,113,ต้องมีความยินยอมจากผู้ปกครองตาม PDPA,⚠️ พบ
ไม่ระบุเพศ,116,เป็นตัวเลือกที่ถูกต้อง ไม่ใช่ข้อมูลหาย,⚠️ พบ
customer_id ในยอดขายที่ไม่มีในทะเบียนสมาชิก,0,orphan: ขายให้สมาชิกที่ไม่มีตัวตน,✅ ผ่าน
สมาชิกที่ไม่เคยซื้อเลย,493,คิดเป็น 16.4% ของสมาชิก,⚠️ พบ
ซื้อครั้งแรกก่อนวันที่สมัครสมาชิก,0,,✅ ผ่าน
สาขาประจำไม่ตรงกับสาขาที่ซื้อบ่อยที่สุด,115,"จาก 2,507 คนที่เคยซื้อ",⚠️ พบ
